{
  "saved_at": "2026-04-19 04:25:21",
  "model_name": "Naive Bayes",
  "feature_set_label": "4signal",
  "feature_csv_path": "data/results/stacker_training_features_4signal.csv",
  "feature_columns": [
    "bert_score",
    "cb_score",
    "vt_score",
    "tranco_score"
  ],
  "metrics": {
    "Accuracy": 0.9830273640457222,
    "CV Accuracy": 0.9851542828441706,
    "CV Std": 0.0020473926350388777,
    "Precision": 0.9861830742659758,
    "Recall": 0.9856156501726122,
    "F1": 0.9858992805755395,
    "ROC_AUC": 0.9955302103895818,
    "Train Time (s)": 0.008,
    "Inference Time (s)": 0.003,
    "Num Samples": 9623
  },
  "sklearn_version": "1.8.0"
}