{
  "saved_at": "2026-04-19 04:25:21",
  "model_name": "Logistic Regression",
  "feature_set_label": "4signal",
  "feature_csv_path": "data/results/stacker_training_features_4signal.csv",
  "feature_columns": [
    "bert_score",
    "cb_score",
    "vt_score",
    "tranco_score"
  ],
  "metrics": {
    "Accuracy": 0.9892622099064773,
    "CV Accuracy": 0.9888660150372628,
    "CV Std": 0.0013259386136934184,
    "Precision": 0.9841179807146909,
    "Recall": 0.9982738780207134,
    "F1": 0.9911453870322765,
    "ROC_AUC": 0.9922722615653178,
    "Train Time (s)": 0.016,
    "Inference Time (s)": 0.003,
    "Num Samples": 9623
  },
  "sklearn_version": "1.8.0"
}