{
  "saved_at": "2026-04-19 04:25:21",
  "model_name": "K Nearest Neighbors",
  "feature_set_label": "4signal",
  "feature_csv_path": "data/results/stacker_training_features_4signal.csv",
  "feature_columns": [
    "bert_score",
    "cb_score",
    "vt_score",
    "tranco_score"
  ],
  "metrics": {
    "Accuracy": 0.9892622099064773,
    "CV Accuracy": 0.9884205807388217,
    "CV Std": 0.002420803609942146,
    "Precision": 0.9846678023850085,
    "Recall": 0.997698504027618,
    "F1": 0.9911403258073735,
    "ROC_AUC": 0.9918335952311561,
    "Train Time (s)": 0.011,
    "Inference Time (s)": 0.033,
    "Num Samples": 9623
  },
  "sklearn_version": "1.8.0"
}