{
  "saved_at": "2026-04-19 04:25:21",
  "model_name": "CatBoost Classifier",
  "feature_set_label": "4signal",
  "feature_csv_path": "data/results/stacker_training_features_4signal.csv",
  "feature_columns": [
    "bert_score",
    "cb_score",
    "vt_score",
    "tranco_score"
  ],
  "metrics": {
    "Accuracy": 0.9941115344648424,
    "CV Accuracy": 0.9931706683056534,
    "CV Std": 0.0029477390874930857,
    "Precision": 0.9914334665905197,
    "Recall": 0.998849252013809,
    "F1": 0.9951275437087991,
    "ROC_AUC": 0.9980710699552621,
    "Train Time (s)": 4.401,
    "Inference Time (s)": 0.007,
    "Num Samples": 9623
  },
  "sklearn_version": "1.8.0"
}